{"lr": 0.07562329966776266, "momentum": 0.2740067632362447, "batch_norm": true, "dropout_rate": 0.59104418584669, "epochs": 240, "hidden_layers": 1, "min_layers": 2, "max_layers": 33}