{"lr": 0.1981233149514445, "momentum": 0.6172752912379695, "batch_norm": false, "dropout_rate": 0.5155892453915226, "epochs": 586, "hidden_layers": 20, "min_layers": 2, "max_layers": 33}