{"lr": 0.0933321557194551, "momentum": 0.3745454755588069, "batch_norm": true, "dropout_rate": 0.21707887130206255, "epochs": 898, "hidden_layers": 3, "min_layers": 2, "max_layers": 50}