{"lr": 0.10744097713272023, "momentum": 0.8101267432516481, "batch_norm": false, "dropout_rate": 0.09524235885285767, "epochs": 649, "hidden_layers": 10, "min_layers": 2, "max_layers": 0}