{"lr": 0.007471830264007662, "momentum": 0.6962426578000359, "batch_norm": true, "dropout_rate": 0.4218819449544933, "epochs": 915, "hidden_layers": 10, "min_layers": 2, "max_layers": 33}